unit_as_recorded,unit_to_use,note
๐,"",not a unit; becomes blank
K/ul,10^3/uL,""
x 10\S\3/cumm,10^3/uL,""
x 10\S\3/ul,10^3/uL,""
10\S\6/mm\S\3,10^6/uL,""
x 10\S\6/cumm,10^6/uL,""
x 10\S\6/ul,10^6/uL,""
UA/mL,AU/mL,""
aU/ml,AU/mL,""
BAU/ml,BAU/mL,""
'c,C,""
Celsius,C,""
Log(Copies/mL),Log(copies/mL),""
Log(cp/mL),Log(copies/mL),""
Cell/cumm.,cells/uL,""
Cells/ul,cells/uL,""
WBC/ul,cells/uL,""
Copies,copies/mL,""
Copies/mL,copies/mL,""
cp/mL,copies/mL,""
Hrs.,hours,""
mlU/mL,mIU/mL,""
ml,mL,""
mL/min/1.73 m,mL/min/1.73m2,""
mL/min/1.73 m2,mL/min/1.73m2,""
ml/min/1.73 m\S\2,mL/min/1.73m2,""
mOsm/Kg,mOsm/kg,""
mg%,mg/dL,""
mg.,mg/dL,""
mg/dL1,mg/dL,""
mg/24 hr,mg/day,""
mg/d,mg/day,""
min.,min,""
mm/hr.,mm/hr,""
mmol / 24hr,mmol/day,""
nM,nmol/L,""
ug / 24hr,ug/day,""
micro g/gr,ug/g,""
ug/g Creatinine,ug/g creatinine,""
micro mol/L,umol/L,""
weeks.,weeks,""
